tic_id,seat_id
TIC_00001,SEAT_004
TIC_00002,SEAT_033
TIC_00003,SEAT_027
TIC_00004,SEAT_010
TIC_00005,SEAT_033
TIC_00006,SEAT_018
TIC_00007,SEAT_016
TIC_00008,SEAT_021
TIC_00009,SEAT_015
TIC_00010,SEAT_027
TIC_00011,SEAT_010
TIC_00012,SEAT_020
TIC_00013,SEAT_006
TIC_00014,SEAT_025
TIC_00015,SEAT_014
TIC_00016,SEAT_015
TIC_00017,SEAT_023
TIC_00018,SEAT_013
TIC_00019,SEAT_008
TIC_00020,SEAT_025
TIC_00021,SEAT_006
TIC_00022,SEAT_017
TIC_00023,SEAT_020
TIC_00024,SEAT_002
TIC_00025,SEAT_002
TIC_00026,SEAT_017
TIC_00027,SEAT_009
TIC_00028,SEAT_034
TIC_00029,SEAT_010
TIC_00030,SEAT_033
TIC_00031,SEAT_023
TIC_00032,SEAT_006
TIC_00033,SEAT_018
TIC_00034,SEAT_009
TIC_00035,SEAT_011
TIC_00036,SEAT_030
TIC_00037,SEAT_024
TIC_00038,SEAT_030
TIC_00039,SEAT_020
TIC_00040,SEAT_009
TIC_00041,SEAT_010
TIC_00042,SEAT_025
TIC_00043,SEAT_016
TIC_00044,SEAT_026
TIC_00045,SEAT_027
TIC_00046,SEAT_019
TIC_00047,SEAT_006
TIC_00048,SEAT_017
TIC_00049,SEAT_032
TIC_00050,SEAT_036
TIC_00051,SEAT_029
TIC_00052,SEAT_003
TIC_00053,SEAT_034
TIC_00054,SEAT_020
TIC_00055,SEAT_036
TIC_00056,SEAT_008
TIC_00057,SEAT_035
TIC_00058,SEAT_016
TIC_00059,SEAT_027
TIC_00060,SEAT_002
TIC_00061,SEAT_032
TIC_00062,SEAT_005
TIC_00063,SEAT_001
TIC_00064,SEAT_031
TIC_00065,SEAT_006
TIC_00066,SEAT_028
TIC_00067,SEAT_032
TIC_00068,SEAT_003
TIC_00069,SEAT_025
TIC_00070,SEAT_017
TIC_00071,SEAT_027
TIC_00072,SEAT_030
TIC_00073,SEAT_018
TIC_00074,SEAT_006
TIC_00075,SEAT_033
TIC_00076,SEAT_013
TIC_00077,SEAT_030
TIC_00078,SEAT_028
TIC_00079,SEAT_006
TIC_00080,SEAT_028
TIC_00081,SEAT_010
TIC_00082,SEAT_010
TIC_00083,SEAT_035
TIC_00084,SEAT_032
TIC_00085,SEAT_013
TIC_00086,SEAT_015
TIC_00087,SEAT_021
TIC_00088,SEAT_036
TIC_00089,SEAT_019
TIC_00090,SEAT_024
TIC_00091,SEAT_032
TIC_00092,SEAT_025
TIC_00093,SEAT_029
TIC_00094,SEAT_013
TIC_00095,SEAT_035
TIC_00096,SEAT_028
TIC_00097,SEAT_009
TIC_00098,SEAT_036
TIC_00099,SEAT_028
TIC_00100,SEAT_036
TIC_00101,SEAT_008
TIC_00102,SEAT_007
TIC_00103,SEAT_025
TIC_00104,SEAT_016
TIC_00105,SEAT_025
TIC_00106,SEAT_002
TIC_00107,SEAT_007
TIC_00108,SEAT_021
TIC_00109,SEAT_009
TIC_00110,SEAT_030
TIC_00111,SEAT_023
TIC_00112,SEAT_024
TIC_00113,SEAT_036
TIC_00114,SEAT_003
TIC_00115,SEAT_034
TIC_00116,SEAT_011
TIC_00117,SEAT_019
TIC_00118,SEAT_009
TIC_00119,SEAT_028
TIC_00120,SEAT_020
TIC_00121,SEAT_022
TIC_00122,SEAT_002
TIC_00123,SEAT_008
TIC_00124,SEAT_003
TIC_00125,SEAT_017
TIC_00126,SEAT_015
TIC_00127,SEAT_026
TIC_00128,SEAT_012
TIC_00129,SEAT_033
TIC_00130,SEAT_013
TIC_00131,SEAT_005
TIC_00132,SEAT_007
TIC_00133,SEAT_001
TIC_00134,SEAT_001
TIC_00135,SEAT_019
TIC_00136,SEAT_011
TIC_00137,SEAT_012
TIC_00138,SEAT_010
TIC_00139,SEAT_025
TIC_00140,SEAT_002
TIC_00141,SEAT_007
TIC_00142,SEAT_026
TIC_00143,SEAT_016
TIC_00144,SEAT_006
TIC_00145,SEAT_017
TIC_00146,SEAT_001
TIC_00147,SEAT_016
TIC_00148,SEAT_033
TIC_00149,SEAT_004
TIC_00150,SEAT_025
TIC_00151,SEAT_029
TIC_00152,SEAT_013
TIC_00153,SEAT_011
TIC_00154,SEAT_002
TIC_00155,SEAT_003
TIC_00156,SEAT_016
TIC_00157,SEAT_014
TIC_00158,SEAT_029
TIC_00159,SEAT_001
TIC_00160,SEAT_005
TIC_00161,SEAT_017
TIC_00162,SEAT_034
TIC_00163,SEAT_005
TIC_00164,SEAT_005
TIC_00165,SEAT_028
TIC_00166,SEAT_023
TIC_00167,SEAT_030
TIC_00168,SEAT_004
TIC_00169,SEAT_020
TIC_00170,SEAT_028
TIC_00171,SEAT_022
TIC_00172,SEAT_032
TIC_00173,SEAT_024
TIC_00174,SEAT_028
TIC_00175,SEAT_019
TIC_00176,SEAT_007
TIC_00177,SEAT_003
TIC_00178,SEAT_028
TIC_00179,SEAT_034
TIC_00180,SEAT_009
TIC_00181,SEAT_001
TIC_00182,SEAT_004
TIC_00183,SEAT_016
TIC_00184,SEAT_020
TIC_00185,SEAT_028
TIC_00186,SEAT_008
TIC_00187,SEAT_012
TIC_00188,SEAT_020
TIC_00189,SEAT_007
TIC_00190,SEAT_010
TIC_00191,SEAT_012
TIC_00192,SEAT_005
TIC_00193,SEAT_030
TIC_00194,SEAT_002
TIC_00195,SEAT_034
TIC_00196,SEAT_004
TIC_00197,SEAT_008
TIC_00198,SEAT_024
TIC_00199,SEAT_030
TIC_00200,SEAT_007
TIC_00201,SEAT_013
TIC_00202,SEAT_021
TIC_00203,SEAT_013
TIC_00204,SEAT_029
TIC_00205,SEAT_019
TIC_00206,SEAT_028
TIC_00207,SEAT_005
TIC_00208,SEAT_013
TIC_00209,SEAT_014
TIC_00210,SEAT_024
TIC_00211,SEAT_025
TIC_00212,SEAT_007
TIC_00213,SEAT_021
TIC_00214,SEAT_036
TIC_00215,SEAT_013
TIC_00216,SEAT_030
TIC_00217,SEAT_004
TIC_00218,SEAT_021
TIC_00219,SEAT_008
TIC_00220,SEAT_022
TIC_00221,SEAT_030
TIC_00222,SEAT_026
TIC_00223,SEAT_031
TIC_00224,SEAT_021
TIC_00225,SEAT_028
TIC_00226,SEAT_021
TIC_00227,SEAT_012
TIC_00228,SEAT_027
TIC_00229,SEAT_004
TIC_00230,SEAT_002
TIC_00231,SEAT_028
TIC_00232,SEAT_030
TIC_00233,SEAT_017
TIC_00234,SEAT_026
TIC_00235,SEAT_007
TIC_00236,SEAT_010
TIC_00237,SEAT_036
TIC_00238,SEAT_035
TIC_00239,SEAT_026
TIC_00240,SEAT_024
TIC_00241,SEAT_018
TIC_00242,SEAT_033
TIC_00243,SEAT_002
TIC_00244,SEAT_006
TIC_00245,SEAT_016
TIC_00246,SEAT_025
TIC_00247,SEAT_024
TIC_00248,SEAT_027
TIC_00249,SEAT_006
TIC_00250,SEAT_011
TIC_00251,SEAT_003
TIC_00252,SEAT_036
TIC_00253,SEAT_031
TIC_00254,SEAT_002
TIC_00255,SEAT_025
TIC_00256,SEAT_031
TIC_00257,SEAT_004
TIC_00258,SEAT_033
TIC_00259,SEAT_032
TIC_00260,SEAT_018
TIC_00261,SEAT_009
TIC_00262,SEAT_011
TIC_00263,SEAT_018
TIC_00264,SEAT_006
TIC_00265,SEAT_034
TIC_00266,SEAT_019
TIC_00267,SEAT_020
TIC_00268,SEAT_022
TIC_00269,SEAT_002
TIC_00270,SEAT_031
TIC_00271,SEAT_013
TIC_00272,SEAT_020
TIC_00273,SEAT_016
TIC_00274,SEAT_005
TIC_00275,SEAT_024
TIC_00276,SEAT_009
TIC_00277,SEAT_020
TIC_00278,SEAT_028
TIC_00279,SEAT_007
TIC_00280,SEAT_036
TIC_00281,SEAT_011
TIC_00282,SEAT_008
TIC_00283,SEAT_026
TIC_00284,SEAT_013
TIC_00285,SEAT_020
TIC_00286,SEAT_034
TIC_00287,SEAT_026
TIC_00288,SEAT_036
TIC_00289,SEAT_033
TIC_00290,SEAT_017
TIC_00291,SEAT_008
TIC_00292,SEAT_021
TIC_00293,SEAT_023
TIC_00294,SEAT_002
TIC_00295,SEAT_034
TIC_00296,SEAT_029
TIC_00297,SEAT_015
TIC_00298,SEAT_017
TIC_00299,SEAT_016
